<?xml version="1.0" encoding="UTF-8" standalone="no"?>
<jcr:root fileName="_cq_dialog.xml" xmlns:jcr="http://www.jcp.org/jcr/1.0" jcr:primaryType="nt:unstructured" jcr:title="Carousel" mode="edit" xmlns:sling="http://sling.apache.org/jcr/sling/1.0" sling:resourceType="cq/gui/components/authoring/dialog">
  <content xmlns:cq="http://www.day.com/jcr/cq/1.0" cq:hideOnEdit="{Boolean}false" cq:showOnCreate="{Boolean}false" jcr:primaryType="nt:unstructured" jcr:title="Carousel" margin="{Boolean}false" maximized="{Boolean}false" sling:resourceType="granite/ui/components/coral/foundation/container">
    <items jcr:primaryType="nt:unstructured">
      <fixedColumns cq:hideOnEdit="{Boolean}false" cq:showOnCreate="{Boolean}false" jcr:primaryType="nt:unstructured" sling:resourceType="granite/ui/components/coral/foundation/fixedcolumns">
        <items jcr:primaryType="nt:unstructured">
          <column cq:hideOnEdit="{Boolean}false" cq:showOnCreate="{Boolean}false" jcr:primaryType="nt:unstructured" margin="{Boolean}false" maximized="{Boolean}false" sling:resourceType="granite/ui/components/coral/foundation/container">
            <items jcr:primaryType="nt:unstructured">
              <indicators cq:hideOnEdit="{Boolean}false" cq:showOnCreate="{Boolean}true" disabled="{Boolean}false" fieldLabel="Show Indicators" ignoreData="{Boolean}false" jcr:primaryType="nt:unstructured" name="./indicators" renderReadOnly="{Boolean}true" required="{Boolean}false" sling:resourceType="granite/ui/components/coral/foundation/form/switch"/>
              <controls cq:hideOnEdit="{Boolean}false" cq:showOnCreate="{Boolean}true" disabled="{Boolean}false" fieldLabel="Show Controls" ignoreData="{Boolean}false" jcr:primaryType="nt:unstructured" name="./controls" renderReadOnly="{Boolean}true" required="{Boolean}false" sling:resourceType="granite/ui/components/coral/foundation/form/switch"/>
            </items>
          </column>
        </items>
      </fixedColumns>
    </items>
  </content>
</jcr:root>
